{
    "$schema": "http://schema.management.azure.com/schemas/2015-01-01/deploymentTemplate.json#",
    "contentVersion": "1.0.0.0",
    "parameters": {
        "factoryName": {
            "type": "string",
            "metadata": "Data Factory name",
            "defaultValue": "data-cohort-adf"
        },
        "AzureBlobStorage1_connectionString": {
            "type": "secureString",
            "metadata": "Secure string for 'connectionString' of 'AzureBlobStorage1'"
        },
        "datacohortworkspacelabs_accountKey": {
            "type": "secureString",
            "metadata": "Secure string for 'accountKey' of 'datacohortworkspacelabs'"
        },
        "AzureDatabricks1_accessToken": {
            "type": "secureString",
            "metadata": "Secure string for 'accessToken' of 'AzureDatabricks1'"
        },
        "AzureDatabricks_kay_accessToken": {
            "type": "secureString",
            "metadata": "Secure string for 'accessToken' of 'AzureDatabricks_kay'"
        },
        "AzureDatabricks_CP_accessToken": {
            "type": "secureString",
            "metadata": "Secure string for 'accessToken' of 'AzureDatabricks_CP'"
        },
        "datacohortworkspacelabs_properties_typeProperties_url": {
            "type": "string",
            "defaultValue": "https://datacohortworkspacelabs.dfs.core.windows.net/"
        },
        "AzureDatabricks1_properties_typeProperties_existingClusterId": {
            "type": "string",
            "defaultValue": "1004-151911-89mf7s7j"
        },
        "AzureDatabricks_CP_properties_typeProperties_existingClusterId": {
            "type": "string",
            "defaultValue": "1026-091742-n8ioupky"
        },
        "containerUri": {
            "type": "string",
            "metadata": "URI to storage account containing linked ARM templates"
        },
        "containerSasToken": {
            "type": "string",
            "metadata": "Sas token to storage account containing linked ARM templates"
        }
    },
    "variables": {
        "factoryId": "[concat('Microsoft.DataFactory/factories/', parameters('factoryName'))]"
    },
    "resources": [
        {
            "name": "data-cohort-adf_ArmTemplate_0",
            "type": "Microsoft.Resources/deployments",
            "apiVersion": "2018-02-01",
            "properties": {
                "mode": "incremental",
                "templateLink": {
                    "uri": "[concat(parameters('containerUri'), '/ArmTemplate_0.json', parameters('containerSasToken'))]",
                    "contentVersion": "1.0.0.0"
                },
                "parameters": {
                    "factoryName": {
                        "value": "[parameters('factoryName')]"
                    },
                    "AzureBlobStorage1_connectionString": {
                        "value": "[parameters('AzureBlobStorage1_connectionString')]"
                    },
                    "datacohortworkspacelabs_accountKey": {
                        "value": "[parameters('datacohortworkspacelabs_accountKey')]"
                    },
                    "AzureDatabricks1_accessToken": {
                        "value": "[parameters('AzureDatabricks1_accessToken')]"
                    },
                    "AzureDatabricks_kay_accessToken": {
                        "value": "[parameters('AzureDatabricks_kay_accessToken')]"
                    },
                    "AzureDatabricks_CP_accessToken": {
                        "value": "[parameters('AzureDatabricks_CP_accessToken')]"
                    },
                    "datacohortworkspacelabs_properties_typeProperties_url": {
                        "value": "[parameters('datacohortworkspacelabs_properties_typeProperties_url')]"
                    },
                    "AzureDatabricks1_properties_typeProperties_existingClusterId": {
                        "value": "[parameters('AzureDatabricks1_properties_typeProperties_existingClusterId')]"
                    },
                    "AzureDatabricks_CP_properties_typeProperties_existingClusterId": {
                        "value": "[parameters('AzureDatabricks_CP_properties_typeProperties_existingClusterId')]"
                    }
                }
            },
            "dependsOn": []
        }
    ]
}