{
    "$schema": "https://schema.management.azure.com/schemas/2015-01-01/deploymentParameters.json#",
    "contentVersion": "1.0.0.0",
    "parameters": {
        "factoryName": {
            "value": "data-cohort-adf"
        },
        "AzureBlobStorage1_connectionString": {
            "value": ""
        },
        "datacohortworkspacelabs_accountKey": {
            "value": ""
        },
        "AzureDatabricks1_accessToken": {
            "value": ""
        },
        "AzureDatabricks_kay_accessToken": {
            "value": ""
        },
        "AzureDatabricks_CP_accessToken": {
            "value": ""
        },
        "datacohortworkspacelabs_properties_typeProperties_url": {
            "value": "https://datacohortworkspacelabs.dfs.core.windows.net/"
        },
        "AzureDatabricks1_properties_typeProperties_existingClusterId": {
            "value": "1004-151911-89mf7s7j"
        },
        "AzureDatabricks_CP_properties_typeProperties_existingClusterId": {
            "value": "1026-091742-n8ioupky"
        },
        "containerUri": {
            "value": ""
        },
        "containerSasToken": {
            "value": ""
        }
    }
}