{
    "$schema": "http://schema.management.azure.com/schemas/2015-01-01/deploymentTemplate.json#",
    "contentVersion": "1.0.0.0",
    "parameters": {
        "factoryName": {
            "type": "string",
            "metadata": "Data Factory name",
            "defaultValue": "data-cohort-adf"
        },
        "AzureBlobStorage1_connectionString": {
            "type": "secureString",
            "metadata": "Secure string for 'connectionString' of 'AzureBlobStorage1'"
        },
        "datacohortworkspacelabs_accountKey": {
            "type": "secureString",
            "metadata": "Secure string for 'accountKey' of 'datacohortworkspacelabs'"
        },
        "AzureDatabricks1_accessToken": {
            "type": "secureString",
            "metadata": "Secure string for 'accessToken' of 'AzureDatabricks1'"
        },
        "AzureDatabricks_kay_accessToken": {
            "type": "secureString",
            "metadata": "Secure string for 'accessToken' of 'AzureDatabricks_kay'"
        },
        "AzureDatabricks_CP_accessToken": {
            "type": "secureString",
            "metadata": "Secure string for 'accessToken' of 'AzureDatabricks_CP'"
        },
        "datacohortworkspacelabs_properties_typeProperties_url": {
            "type": "string",
            "defaultValue": "https://datacohortworkspacelabs.dfs.core.windows.net/"
        },
        "AzureDatabricks1_properties_typeProperties_existingClusterId": {
            "type": "string",
            "defaultValue": "1004-151911-89mf7s7j"
        },
        "AzureDatabricks_CP_properties_typeProperties_existingClusterId": {
            "type": "string",
            "defaultValue": "1026-091742-n8ioupky"
        }
    },
    "variables": {
        "factoryId": "[concat('Microsoft.DataFactory/factories/', parameters('factoryName'))]"
    },
    "resources": [
        {
            "name": "[concat(parameters('factoryName'), '/Landing_data')]",
            "type": "Microsoft.DataFactory/factories/datasets",
            "apiVersion": "2018-06-01",
            "properties": {
                "linkedServiceName": {
                    "referenceName": "datacohortworkspacelabs",
                    "type": "LinkedServiceReference"
                },
                "annotations": [],
                "type": "DelimitedText",
                "typeProperties": {
                    "location": {
                        "type": "AzureBlobFSLocation",
                        "fileSystem": "landing-ibrahim"
                    },
                    "columnDelimiter": ",",
                    "escapeChar": "\\",
                    "firstRowAsHeader": true,
                    "quoteChar": "\""
                },
                "schema": []
            },
            "dependsOn": [
                "[concat(variables('factoryId'), '/linkedServices/datacohortworkspacelabs')]"
            ]
        },
        {
            "name": "[concat(parameters('factoryName'), '/Source_data')]",
            "type": "Microsoft.DataFactory/factories/datasets",
            "apiVersion": "2018-06-01",
            "properties": {
                "linkedServiceName": {
                    "referenceName": "datacohortworkspacelabs",
                    "type": "LinkedServiceReference"
                },
                "annotations": [],
                "type": "DelimitedText",
                "typeProperties": {
                    "location": {
                        "type": "AzureBlobFSLocation",
                        "fileSystem": "source"
                    },
                    "columnDelimiter": ",",
                    "escapeChar": "\\",
                    "firstRowAsHeader": true,
                    "quoteChar": "\""
                },
                "schema": []
            },
            "dependsOn": [
                "[concat(variables('factoryId'), '/linkedServices/datacohortworkspacelabs')]"
            ]
        },
        {
            "name": "[concat(parameters('factoryName'), '/SinkDatasetPP')]",
            "type": "Microsoft.DataFactory/factories/datasets",
            "apiVersion": "2018-06-01",
            "properties": {
                "description": "Raw data moved to landing container",
                "linkedServiceName": {
                    "referenceName": "AzureBlobStorage1",
                    "type": "LinkedServiceReference"
                },
                "annotations": [],
                "type": "DelimitedText",
                "typeProperties": {
                    "location": {
                        "type": "AzureBlobStorageLocation",
                        "container": "landing-phanai"
                    },
                    "columnDelimiter": ",",
                    "compressionCodec": "gzip",
                    "compressionLevel": "Fastest",
                    "escapeChar": "\\",
                    "firstRowAsHeader": true,
                    "quoteChar": "\""
                },
                "schema": []
            },
            "dependsOn": [
                "[concat(variables('factoryId'), '/linkedServices/AzureBlobStorage1')]"
            ]
        },
        {
            "name": "[concat(parameters('factoryName'), '/SourceDatasetPP')]",
            "type": "Microsoft.DataFactory/factories/datasets",
            "apiVersion": "2018-06-01",
            "properties": {
                "description": "Raw data from source container",
                "linkedServiceName": {
                    "referenceName": "AzureBlobStorage1",
                    "type": "LinkedServiceReference"
                },
                "annotations": [],
                "type": "DelimitedText",
                "typeProperties": {
                    "location": {
                        "type": "AzureBlobStorageLocation",
                        "fileName": "*.csv.gz",
                        "container": "source"
                    },
                    "columnDelimiter": ",",
                    "compressionCodec": "gzip",
                    "compressionLevel": "Fastest",
                    "escapeChar": "\\",
                    "firstRowAsHeader": true,
                    "quoteChar": "\""
                },
                "schema": []
            },
            "dependsOn": [
                "[concat(variables('factoryId'), '/linkedServices/AzureBlobStorage1')]"
            ]
        },
        {
            "name": "[concat(parameters('factoryName'), '/Sink_CP')]",
            "type": "Microsoft.DataFactory/factories/datasets",
            "apiVersion": "2018-06-01",
            "properties": {
                "linkedServiceName": {
                    "referenceName": "datacohortworkspacelabs",
                    "type": "LinkedServiceReference"
                },
                "annotations": [],
                "type": "DelimitedText",
                "typeProperties": {
                    "location": {
                        "type": "AzureBlobFSLocation",
                        "fileSystem": "landing-cp"
                    },
                    "columnDelimiter": ",",
                    "escapeChar": "\\",
                    "firstRowAsHeader": true,
                    "quoteChar": "\""
                },
                "schema": []
            },
            "dependsOn": [
                "[concat(variables('factoryId'), '/linkedServices/datacohortworkspacelabs')]"
            ]
        },
        {
            "name": "[concat(parameters('factoryName'), '/source_CP')]",
            "type": "Microsoft.DataFactory/factories/datasets",
            "apiVersion": "2018-06-01",
            "properties": {
                "linkedServiceName": {
                    "referenceName": "datacohortworkspacelabs",
                    "type": "LinkedServiceReference"
                },
                "annotations": [],
                "type": "DelimitedText",
                "typeProperties": {
                    "location": {
                        "type": "AzureBlobFSLocation",
                        "fileName": "*.csv.gz",
                        "fileSystem": "source"
                    },
                    "columnDelimiter": ",",
                    "compressionCodec": "gzip",
                    "escapeChar": "\\",
                    "firstRowAsHeader": true,
                    "quoteChar": "\""
                },
                "schema": []
            },
            "dependsOn": [
                "[concat(variables('factoryId'), '/linkedServices/datacohortworkspacelabs')]"
            ]
        },
        {
            "name": "[concat(parameters('factoryName'), '/nyc_taxi')]",
            "type": "Microsoft.DataFactory/factories/datasets",
            "apiVersion": "2018-06-01",
            "properties": {
                "linkedServiceName": {
                    "referenceName": "AzureBlobStorage1",
                    "type": "LinkedServiceReference"
                },
                "annotations": [],
                "type": "DelimitedText",
                "typeProperties": {
                    "location": {
                        "type": "AzureBlobStorageLocation",
                        "fileName": "*.csv.gz",
                        "container": "source"
                    },
                    "columnDelimiter": ",",
                    "compressionCodec": "gzip",
                    "escapeChar": "\\",
                    "firstRowAsHeader": true,
                    "quoteChar": "\""
                },
                "schema": []
            },
            "dependsOn": [
                "[concat(variables('factoryId'), '/linkedServices/AzureBlobStorage1')]"
            ]
        },
        {
            "name": "[concat(parameters('factoryName'), '/landing_kay')]",
            "type": "Microsoft.DataFactory/factories/datasets",
            "apiVersion": "2018-06-01",
            "properties": {
                "linkedServiceName": {
                    "referenceName": "AzureBlobStorage1",
                    "type": "LinkedServiceReference"
                },
                "annotations": [],
                "type": "DelimitedText",
                "typeProperties": {
                    "location": {
                        "type": "AzureBlobStorageLocation",
                        "container": "landing-kay"
                    },
                    "columnDelimiter": ",",
                    "escapeChar": "\\",
                    "firstRowAsHeader": true,
                    "quoteChar": "\""
                },
                "schema": [
                    {
                        "name": "tripID",
                        "type": "String"
                    },
                    {
                        "name": "VendorID",
                        "type": "String"
                    },
                    {
                        "name": "PULocationID",
                        "type": "String"
                    },
                    {
                        "name": "DOLocationID",
                        "type": "String"
                    },
                    {
                        "name": "payment_type",
                        "type": "String"
                    },
                    {
                        "name": "passenger_count",
                        "type": "String"
                    },
                    {
                        "name": "tip_amount",
                        "type": "String"
                    },
                    {
                        "name": "total_amount",
                        "type": "String"
                    },
                    {
                        "name": "fare_amount",
                        "type": "String"
                    },
                    {
                        "name": "tpep_pickup_datetime",
                        "type": "String"
                    },
                    {
                        "name": "tpep_dropoff_datetime",
                        "type": "String"
                    },
                    {
                        "name": "trip_distance",
                        "type": "String"
                    }
                ]
            },
            "dependsOn": [
                "[concat(variables('factoryId'), '/linkedServices/AzureBlobStorage1')]"
            ]
        },
        {
            "name": "[concat(parameters('factoryName'), '/copy_data_pipeline_ibrahim')]",
            "type": "Microsoft.DataFactory/factories/pipelines",
            "apiVersion": "2018-06-01",
            "properties": {
                "activities": [
                    {
                        "name": "Copy data",
                        "description": "Copy the 132 data files from source to landing container.",
                        "type": "Copy",
                        "dependsOn": [],
                        "policy": {
                            "timeout": "0.12:00:00",
                            "retry": 0,
                            "retryIntervalInSeconds": 30,
                            "secureOutput": false,
                            "secureInput": false
                        },
                        "userProperties": [],
                        "typeProperties": {
                            "source": {
                                "type": "DelimitedTextSource",
                                "storeSettings": {
                                    "type": "AzureBlobFSReadSettings",
                                    "recursive": true,
                                    "wildcardFileName": "*",
                                    "enablePartitionDiscovery": false
                                },
                                "formatSettings": {
                                    "type": "DelimitedTextReadSettings"
                                }
                            },
                            "sink": {
                                "type": "DelimitedTextSink",
                                "storeSettings": {
                                    "type": "AzureBlobFSWriteSettings",
                                    "copyBehavior": "PreserveHierarchy"
                                },
                                "formatSettings": {
                                    "type": "DelimitedTextWriteSettings",
                                    "quoteAllText": true,
                                    "fileExtension": "*.csv.gz"
                                }
                            },
                            "enableStaging": false,
                            "translator": {
                                "type": "TabularTranslator",
                                "typeConversion": true,
                                "typeConversionSettings": {
                                    "allowDataTruncation": true,
                                    "treatBooleanAsNumber": false
                                }
                            }
                        },
                        "inputs": [
                            {
                                "referenceName": "Source_data",
                                "type": "DatasetReference",
                                "parameters": {}
                            }
                        ],
                        "outputs": [
                            {
                                "referenceName": "Landing_data",
                                "type": "DatasetReference",
                                "parameters": {}
                            }
                        ]
                    }
                ],
                "policy": {
                    "elapsedTimeMetric": {}
                },
                "annotations": [],
                "lastPublishTime": "2023-10-23T10:16:25Z"
            },
            "dependsOn": [
                "[concat(variables('factoryId'), '/datasets/Source_data')]",
                "[concat(variables('factoryId'), '/datasets/Landing_data')]"
            ]
        },
        {
            "name": "[concat(parameters('factoryName'), '/pipeline_PP')]",
            "type": "Microsoft.DataFactory/factories/pipelines",
            "apiVersion": "2018-06-01",
            "properties": {
                "activities": [
                    {
                        "name": "CopyToLanding",
                        "description": "Copy data to landing container",
                        "type": "Copy",
                        "dependsOn": [],
                        "policy": {
                            "timeout": "0.12:00:00",
                            "retry": 0,
                            "retryIntervalInSeconds": 30,
                            "secureOutput": false,
                            "secureInput": false
                        },
                        "userProperties": [],
                        "typeProperties": {
                            "source": {
                                "type": "DelimitedTextSource",
                                "storeSettings": {
                                    "type": "AzureBlobStorageReadSettings",
                                    "recursive": true,
                                    "wildcardFileName": "*.csv.gz",
                                    "enablePartitionDiscovery": false
                                },
                                "formatSettings": {
                                    "type": "DelimitedTextReadSettings"
                                }
                            },
                            "sink": {
                                "type": "DelimitedTextSink",
                                "storeSettings": {
                                    "type": "AzureBlobStorageWriteSettings"
                                },
                                "formatSettings": {
                                    "type": "DelimitedTextWriteSettings",
                                    "quoteAllText": true,
                                    "fileExtension": ".txt"
                                }
                            },
                            "enableStaging": false,
                            "enableSkipIncompatibleRow": true,
                            "translator": {
                                "type": "TabularTranslator",
                                "typeConversion": true,
                                "typeConversionSettings": {
                                    "allowDataTruncation": true,
                                    "treatBooleanAsNumber": false
                                }
                            }
                        },
                        "inputs": [
                            {
                                "referenceName": "SourceDatasetPP",
                                "type": "DatasetReference",
                                "parameters": {}
                            }
                        ],
                        "outputs": [
                            {
                                "referenceName": "SinkDatasetPP",
                                "type": "DatasetReference",
                                "parameters": {}
                            }
                        ]
                    }
                ],
                "policy": {
                    "elapsedTimeMetric": {}
                },
                "annotations": [],
                "lastPublishTime": "2023-10-23T10:10:59Z"
            },
            "dependsOn": [
                "[concat(variables('factoryId'), '/datasets/SourceDatasetPP')]",
                "[concat(variables('factoryId'), '/datasets/SinkDatasetPP')]"
            ]
        },
        {
            "name": "[concat(parameters('factoryName'), '/pipeline_CP')]",
            "type": "Microsoft.DataFactory/factories/pipelines",
            "apiVersion": "2018-06-01",
            "properties": {
                "activities": [
                    {
                        "name": "Copy",
                        "description": "Copy all 132 files to landing",
                        "type": "Copy",
                        "dependsOn": [
                            {
                                "activity": "Reset",
                                "dependencyConditions": [
                                    "Succeeded"
                                ]
                            }
                        ],
                        "policy": {
                            "timeout": "0.12:00:00",
                            "retry": 0,
                            "retryIntervalInSeconds": 30,
                            "secureOutput": false,
                            "secureInput": false
                        },
                        "userProperties": [],
                        "typeProperties": {
                            "source": {
                                "type": "DelimitedTextSource",
                                "storeSettings": {
                                    "type": "AzureBlobFSReadSettings",
                                    "recursive": true,
                                    "wildcardFileName": "*.csv.gz",
                                    "enablePartitionDiscovery": false
                                },
                                "formatSettings": {
                                    "type": "DelimitedTextReadSettings"
                                }
                            },
                            "sink": {
                                "type": "DelimitedTextSink",
                                "storeSettings": {
                                    "type": "AzureBlobFSWriteSettings",
                                    "copyBehavior": "PreserveHierarchy"
                                },
                                "formatSettings": {
                                    "type": "DelimitedTextWriteSettings",
                                    "quoteAllText": true,
                                    "fileExtension": ".txt"
                                }
                            },
                            "enableStaging": false,
                            "translator": {
                                "type": "TabularTranslator",
                                "typeConversion": true,
                                "typeConversionSettings": {
                                    "allowDataTruncation": true,
                                    "treatBooleanAsNumber": false
                                }
                            }
                        },
                        "inputs": [
                            {
                                "referenceName": "source_CP",
                                "type": "DatasetReference",
                                "parameters": {}
                            }
                        ],
                        "outputs": [
                            {
                                "referenceName": "Sink_CP",
                                "type": "DatasetReference",
                                "parameters": {}
                            }
                        ]
                    },
                    {
                        "name": "Bronze",
                        "description": "Move the data to the bronze container",
                        "type": "DatabricksNotebook",
                        "dependsOn": [
                            {
                                "activity": "Copy",
                                "dependencyConditions": [
                                    "Succeeded"
                                ]
                            }
                        ],
                        "policy": {
                            "timeout": "0.12:00:00",
                            "retry": 0,
                            "retryIntervalInSeconds": 30,
                            "secureOutput": false,
                            "secureInput": false
                        },
                        "userProperties": [],
                        "typeProperties": {
                            "notebookPath": "/Users/caspar.petch@qualyfi.co.uk/Bronze"
                        },
                        "linkedServiceName": {
                            "referenceName": "AzureDatabricks_CP",
                            "type": "LinkedServiceReference"
                        }
                    },
                    {
                        "name": "Silver",
                        "description": "Move the data to the silver container",
                        "type": "DatabricksNotebook",
                        "dependsOn": [
                            {
                                "activity": "Bronze",
                                "dependencyConditions": [
                                    "Succeeded"
                                ]
                            }
                        ],
                        "policy": {
                            "timeout": "0.12:00:00",
                            "retry": 0,
                            "retryIntervalInSeconds": 30,
                            "secureOutput": false,
                            "secureInput": false
                        },
                        "userProperties": [],
                        "typeProperties": {
                            "notebookPath": "/Users/caspar.petch@qualyfi.co.uk/Silver",
                            "baseParameters": {
                                "Caspar": "test"
                            }
                        },
                        "linkedServiceName": {
                            "referenceName": "AzureDatabricks_CP",
                            "type": "LinkedServiceReference"
                        }
                    },
                    {
                        "name": "Gold",
                        "description": "Move the data to the gold container",
                        "type": "DatabricksNotebook",
                        "dependsOn": [
                            {
                                "activity": "Silver",
                                "dependencyConditions": [
                                    "Succeeded"
                                ]
                            }
                        ],
                        "policy": {
                            "timeout": "0.12:00:00",
                            "retry": 0,
                            "retryIntervalInSeconds": 30,
                            "secureOutput": false,
                            "secureInput": false
                        },
                        "userProperties": [],
                        "typeProperties": {
                            "notebookPath": "/Users/caspar.petch@qualyfi.co.uk/Gold",
                            "baseParameters": {
                                "Caspar": "test"
                            }
                        },
                        "linkedServiceName": {
                            "referenceName": "AzureDatabricks_CP",
                            "type": "LinkedServiceReference"
                        }
                    },
                    {
                        "name": "Reset",
                        "description": "Clear all containers for new run",
                        "type": "DatabricksNotebook",
                        "dependsOn": [],
                        "policy": {
                            "timeout": "0.12:00:00",
                            "retry": 0,
                            "retryIntervalInSeconds": 30,
                            "secureOutput": false,
                            "secureInput": false
                        },
                        "userProperties": [],
                        "typeProperties": {
                            "notebookPath": "/Users/caspar.petch@qualyfi.co.uk/Reset",
                            "baseParameters": {
                                "Caspar": "test"
                            }
                        },
                        "linkedServiceName": {
                            "referenceName": "AzureDatabricks_CP",
                            "type": "LinkedServiceReference"
                        }
                    }
                ],
                "policy": {
                    "elapsedTimeMetric": {}
                },
                "annotations": [],
                "lastPublishTime": "2023-10-27T11:37:49Z"
            },
            "dependsOn": [
                "[concat(variables('factoryId'), '/datasets/source_CP')]",
                "[concat(variables('factoryId'), '/datasets/Sink_CP')]",
                "[concat(variables('factoryId'), '/linkedServices/AzureDatabricks_CP')]"
            ]
        },
        {
            "name": "[concat(parameters('factoryName'), '/pipeline-kay')]",
            "type": "Microsoft.DataFactory/factories/pipelines",
            "apiVersion": "2018-06-01",
            "properties": {
                "activities": [
                    {
                        "name": "Landing_KL",
                        "type": "Copy",
                        "dependsOn": [],
                        "policy": {
                            "timeout": "0.12:00:00",
                            "retry": 0,
                            "retryIntervalInSeconds": 30,
                            "secureOutput": false,
                            "secureInput": false
                        },
                        "userProperties": [],
                        "typeProperties": {
                            "source": {
                                "type": "DelimitedTextSource",
                                "storeSettings": {
                                    "type": "AzureBlobStorageReadSettings",
                                    "recursive": true,
                                    "wildcardFileName": "*.csv.gz",
                                    "enablePartitionDiscovery": false
                                },
                                "formatSettings": {
                                    "type": "DelimitedTextReadSettings"
                                }
                            },
                            "sink": {
                                "type": "DelimitedTextSink",
                                "storeSettings": {
                                    "type": "AzureBlobStorageWriteSettings"
                                },
                                "formatSettings": {
                                    "type": "DelimitedTextWriteSettings",
                                    "quoteAllText": true,
                                    "fileExtension": ".txt"
                                }
                            },
                            "enableStaging": false,
                            "translator": {
                                "type": "TabularTranslator",
                                "typeConversion": true,
                                "typeConversionSettings": {
                                    "allowDataTruncation": true,
                                    "treatBooleanAsNumber": false
                                }
                            }
                        },
                        "inputs": [
                            {
                                "referenceName": "nyc_taxi",
                                "type": "DatasetReference",
                                "parameters": {}
                            }
                        ],
                        "outputs": [
                            {
                                "referenceName": "landing_kay",
                                "type": "DatasetReference",
                                "parameters": {}
                            }
                        ]
                    },
                    {
                        "name": "Bronze_KL",
                        "type": "DatabricksNotebook",
                        "dependsOn": [
                            {
                                "activity": "Landing_KL",
                                "dependencyConditions": [
                                    "Succeeded"
                                ]
                            }
                        ],
                        "policy": {
                            "timeout": "0.12:00:00",
                            "retry": 0,
                            "retryIntervalInSeconds": 30,
                            "secureOutput": false,
                            "secureInput": false
                        },
                        "userProperties": [],
                        "typeProperties": {
                            "notebookPath": "/Users/kay.lewis@qualyfi.co.uk/Bronze_Kay"
                        },
                        "linkedServiceName": {
                            "referenceName": "AzureDatabricks_kay",
                            "type": "LinkedServiceReference"
                        }
                    },
                    {
                        "name": "Silver_KL",
                        "type": "DatabricksNotebook",
                        "dependsOn": [
                            {
                                "activity": "Bronze_KL",
                                "dependencyConditions": [
                                    "Succeeded"
                                ]
                            }
                        ],
                        "policy": {
                            "timeout": "0.12:00:00",
                            "retry": 0,
                            "retryIntervalInSeconds": 30,
                            "secureOutput": false,
                            "secureInput": false
                        },
                        "userProperties": [],
                        "typeProperties": {
                            "notebookPath": "/Users/kay.lewis@qualyfi.co.uk/Silver_Kay"
                        },
                        "linkedServiceName": {
                            "referenceName": "AzureDatabricks_kay",
                            "type": "LinkedServiceReference"
                        }
                    },
                    {
                        "name": "Gold_KL",
                        "type": "DatabricksNotebook",
                        "dependsOn": [
                            {
                                "activity": "Silver_KL",
                                "dependencyConditions": [
                                    "Succeeded"
                                ]
                            }
                        ],
                        "policy": {
                            "timeout": "0.12:00:00",
                            "retry": 0,
                            "retryIntervalInSeconds": 30,
                            "secureOutput": false,
                            "secureInput": false
                        },
                        "userProperties": [],
                        "typeProperties": {
                            "notebookPath": "/Users/kay.lewis@qualyfi.co.uk/Gold_Kay"
                        },
                        "linkedServiceName": {
                            "referenceName": "AzureDatabricks_kay",
                            "type": "LinkedServiceReference"
                        }
                    }
                ],
                "policy": {
                    "elapsedTimeMetric": {}
                },
                "annotations": [],
                "lastPublishTime": "2023-10-27T05:03:11Z"
            },
            "dependsOn": [
                "[concat(variables('factoryId'), '/datasets/nyc_taxi')]",
                "[concat(variables('factoryId'), '/datasets/landing_kay')]",
                "[concat(variables('factoryId'), '/linkedServices/AzureDatabricks_kay')]"
            ]
        },
        {
            "name": "[concat(parameters('factoryName'), '/AzureBlobStorage1')]",
            "type": "Microsoft.DataFactory/factories/linkedServices",
            "apiVersion": "2018-06-01",
            "properties": {
                "annotations": [],
                "type": "AzureBlobStorage",
                "typeProperties": {
                    "connectionString": "[parameters('AzureBlobStorage1_connectionString')]"
                }
            },
            "dependsOn": []
        },
        {
            "name": "[concat(parameters('factoryName'), '/datacohortworkspacelabs')]",
            "type": "Microsoft.DataFactory/factories/linkedServices",
            "apiVersion": "2018-06-01",
            "properties": {
                "annotations": [],
                "type": "AzureBlobFS",
                "typeProperties": {
                    "url": "[parameters('datacohortworkspacelabs_properties_typeProperties_url')]",
                    "accountKey": {
                        "type": "SecureString",
                        "value": "[parameters('datacohortworkspacelabs_accountKey')]"
                    }
                }
            },
            "dependsOn": []
        },
        {
            "name": "[concat(parameters('factoryName'), '/AzureDatabricks1')]",
            "type": "Microsoft.DataFactory/factories/linkedServices",
            "apiVersion": "2018-06-01",
            "properties": {
                "annotations": [],
                "type": "AzureDatabricks",
                "typeProperties": {
                    "domain": "https://adb-6160595734751460.0.azuredatabricks.net",
                    "accessToken": {
                        "type": "SecureString",
                        "value": "[parameters('AzureDatabricks1_accessToken')]"
                    },
                    "existingClusterId": "[parameters('AzureDatabricks1_properties_typeProperties_existingClusterId')]"
                }
            },
            "dependsOn": []
        },
        {
            "name": "[concat(parameters('factoryName'), '/AzureDatabricks_kay')]",
            "type": "Microsoft.DataFactory/factories/linkedServices",
            "apiVersion": "2018-06-01",
            "properties": {
                "annotations": [],
                "type": "AzureDatabricks",
                "typeProperties": {
                    "domain": "https://adb-6160595734751460.0.azuredatabricks.net",
                    "accessToken": {
                        "type": "SecureString",
                        "value": "[parameters('AzureDatabricks_kay_accessToken')]"
                    },
                    "newClusterNodeType": "Standard_DS3_v2",
                    "newClusterNumOfWorker": "1",
                    "newClusterVersion": "10.4.x-scala2.12",
                    "clusterOption": "Fixed",
                    "newClusterInitScripts": []
                }
            },
            "dependsOn": []
        },
        {
            "name": "[concat(parameters('factoryName'), '/AzureDatabricks_CP')]",
            "type": "Microsoft.DataFactory/factories/linkedServices",
            "apiVersion": "2018-06-01",
            "properties": {
                "annotations": [],
                "type": "AzureDatabricks",
                "typeProperties": {
                    "domain": "https://adb-6160595734751460.0.azuredatabricks.net",
                    "accessToken": {
                        "type": "SecureString",
                        "value": "[parameters('AzureDatabricks_CP_accessToken')]"
                    },
                    "existingClusterId": "[parameters('AzureDatabricks_CP_properties_typeProperties_existingClusterId')]"
                }
            },
            "dependsOn": []
        },
        {
            "name": "[concat(parameters('factoryName'), '/pipeline_CP_part2')]",
            "type": "Microsoft.DataFactory/factories/pipelines",
            "apiVersion": "2018-06-01",
            "properties": {
                "activities": [
                    {
                        "name": "Silver",
                        "description": "Move the data to the silver container",
                        "type": "DatabricksNotebook",
                        "dependsOn": [],
                        "policy": {
                            "timeout": "0.12:00:00",
                            "retry": 0,
                            "retryIntervalInSeconds": 30,
                            "secureOutput": false,
                            "secureInput": false
                        },
                        "userProperties": [],
                        "typeProperties": {
                            "notebookPath": "/Users/caspar.petch@qualyfi.co.uk/Silver",
                            "baseParameters": {
                                "Caspar": "test"
                            }
                        },
                        "linkedServiceName": {
                            "referenceName": "AzureDatabricks_CP",
                            "type": "LinkedServiceReference"
                        }
                    },
                    {
                        "name": "Gold",
                        "description": "Move the data to the gold container",
                        "type": "DatabricksNotebook",
                        "dependsOn": [
                            {
                                "activity": "Silver",
                                "dependencyConditions": [
                                    "Succeeded"
                                ]
                            }
                        ],
                        "policy": {
                            "timeout": "0.12:00:00",
                            "retry": 0,
                            "retryIntervalInSeconds": 30,
                            "secureOutput": false,
                            "secureInput": false
                        },
                        "userProperties": [],
                        "typeProperties": {
                            "notebookPath": "/Users/caspar.petch@qualyfi.co.uk/Gold",
                            "baseParameters": {
                                "Caspar": "test"
                            }
                        },
                        "linkedServiceName": {
                            "referenceName": "AzureDatabricks_CP",
                            "type": "LinkedServiceReference"
                        }
                    }
                ],
                "policy": {
                    "elapsedTimeMetric": {}
                },
                "annotations": [],
                "lastPublishTime": "2023-10-27T11:37:49Z"
            },
            "dependsOn": [
                "[concat(variables('factoryId'), '/linkedServices/AzureDatabricks_CP')]"
            ]
        },
        {
            "name": "[concat(parameters('factoryName'), '/pipeline_CP_part3')]",
            "type": "Microsoft.DataFactory/factories/pipelines",
            "apiVersion": "2018-06-01",
            "properties": {
                "activities": [
                    {
                        "name": "Gold",
                        "description": "Move the data to the gold container",
                        "type": "DatabricksNotebook",
                        "dependsOn": [],
                        "policy": {
                            "timeout": "0.12:00:00",
                            "retry": 0,
                            "retryIntervalInSeconds": 30,
                            "secureOutput": false,
                            "secureInput": false
                        },
                        "userProperties": [],
                        "typeProperties": {
                            "notebookPath": "/Users/caspar.petch@qualyfi.co.uk/Gold",
                            "baseParameters": {
                                "Caspar": "test"
                            }
                        },
                        "linkedServiceName": {
                            "referenceName": "AzureDatabricks_CP",
                            "type": "LinkedServiceReference"
                        }
                    }
                ],
                "policy": {
                    "elapsedTimeMetric": {}
                },
                "annotations": [],
                "lastPublishTime": "2023-10-27T11:37:49Z"
            },
            "dependsOn": [
                "[concat(variables('factoryId'), '/linkedServices/AzureDatabricks_CP')]"
            ]
        }
    ]
}