{
    "$schema": "https://schema.management.azure.com/schemas/2015-01-01/deploymentParameters.json#",
    "contentVersion": "1.0.0.0",
    "parameters": {
        "factoryName": {
            "value": "data-cohort-adf"
        },
        "dataFactory_properties_globalConfigurations_PipelineBillingEnabled": {
            "value": "true"
        },
        "dataFactory_properties_globalConfigurations_factoryStagingLSReferenceName": {
            "value": "AzureBlobStorage1"
        },
        "dataFactory_properties_globalConfigurations_factoryStagingLSType": {
            "value": "LinkedServiceReference"
        },
        "dataFactory_properties_globalConfigurations_factoryStagingFolderPath": {
            "value": "landing-kay"
        },
        "dataFactory_location": {
            "value": "northeurope"
        },
        "dataFactory_identity_type": {
            "value": "SystemAssigned"
        }
    }
}