{
    "$schema": "http://schema.management.azure.com/schemas/2015-01-01/deploymentTemplate.json#",
    "contentVersion": "1.0.0.0",
    "parameters": {
        "factoryName": {
            "type": "string",
            "metadata": "Data Factory name",
            "defaultValue": "data-cohort-adf"
        },
        "dataFactory_properties_globalConfigurations_PipelineBillingEnabled": {
            "type": "string",
            "defaultValue": "true"
        },
        "dataFactory_properties_globalConfigurations_factoryStagingLSReferenceName": {
            "type": "string",
            "defaultValue": "AzureBlobStorage1"
        },
        "dataFactory_properties_globalConfigurations_factoryStagingLSType": {
            "type": "string",
            "defaultValue": "LinkedServiceReference"
        },
        "dataFactory_properties_globalConfigurations_factoryStagingFolderPath": {
            "type": "string",
            "defaultValue": "landing-kay"
        },
        "dataFactory_location": {
            "type": "string",
            "defaultValue": "northeurope"
        },
        "dataFactory_identity_type": {
            "type": "string",
            "defaultValue": "SystemAssigned"
        }
    },
    "variables": {
        "factoryId": "[concat('Microsoft.DataFactory/factories/', parameters('factoryName'))]"
    },
    "resources": [
        {
            "name": "[parameters('factoryName')]",
            "type": "Microsoft.DataFactory/factories",
            "apiVersion": "2018-06-01",
            "properties": {
                "globalConfigurations": {
                    "PipelineBillingEnabled": "[parameters('dataFactory_properties_globalConfigurations_PipelineBillingEnabled')]",
                    "factoryStagingLSReferenceName": "[parameters('dataFactory_properties_globalConfigurations_factoryStagingLSReferenceName')]",
                    "factoryStagingLSType": "[parameters('dataFactory_properties_globalConfigurations_factoryStagingLSType')]",
                    "factoryStagingFolderPath": "[parameters('dataFactory_properties_globalConfigurations_factoryStagingFolderPath')]"
                }
            },
            "dependsOn": [],
            "location": "[parameters('dataFactory_location')]",
            "identity": {
                "type": "[parameters('dataFactory_identity_type')]",
                "principalId": "1c79f5fe-2387-4187-8eba-f8a4820b4248",
                "tenantId": "d4003661-f87e-4237-9a9b-8b9c31ba2467"
            }
        }
    ]
}